metric,system,baseline,n,mean_diff,ci_lo,ci_hi,p_value,p_holm,significant,verdict,wins,ties,losses
answer_score,bm25_default,no_retrieval_floor,163,3.1509202453987726,2.948466257668712,3.35463190184049,0.0009995002498750624,0.020989505247376312,True,better,159,3,1
answer_score,vector_default,no_retrieval_floor,163,3.1374233128834352,2.9288343558282213,3.339907975460122,0.0009995002498750624,0.020989505247376312,True,better,158,2,3
answer_score,hybrid_default,no_retrieval_floor,163,3.0699386503067485,2.8551840490797544,3.2871165644171776,0.0009995002498750624,0.020989505247376312,True,better,157,3,3
answer_score,rerank_default,no_retrieval_floor,163,3.2061349693251535,3.0134662576687115,3.396319018404908,0.0009995002498750624,0.020989505247376312,True,better,160,1,2
answer_score,hybrid_rerank_default,no_retrieval_floor,163,3.1877300613496935,2.985245398773006,3.379141104294478,0.0009995002498750624,0.020989505247376312,True,better,161,1,1
answer_score,hyde_default,no_retrieval_floor,163,3.143558282208589,2.9373926380368096,3.3460429447852764,0.0009995002498750624,0.020989505247376312,True,better,158,4,1
answer_score,parent_doc_default,no_retrieval_floor,163,3.176687116564417,2.9938343558282208,3.355889570552147,0.0009995002498750624,0.020989505247376312,True,better,162,1,0
answer_score,llm_heavy_default,no_retrieval_floor,163,3.180368098159509,2.9766564417177914,3.3791717791411044,0.0009995002498750624,0.020989505247376312,True,better,158,3,2
answer_score,full_context_ceiling,no_retrieval_floor,163,3.2392638036809815,3.0613190184049084,3.413496932515338,0.0009995002498750624,0.020989505247376312,True,better,160,2,1
answer_score,sentence_window_default,no_retrieval_floor,163,2.8797546012269937,2.6330981595092022,3.1104294478527605,0.0009995002498750624,0.020989505247376312,True,better,154,3,6
answer_score,vector_mmr,no_retrieval_floor,163,3.007361963190184,2.793865030674847,3.2147852760736195,0.0009995002498750624,0.020989505247376312,True,better,161,1,1
answer_score,contextual_default,no_retrieval_floor,163,3.1582822085889566,2.9582515337423314,3.3582822085889568,0.0009995002498750624,0.020989505247376312,True,better,159,1,3
answer_score,hierarchical_default,no_retrieval_floor,163,3.022085889570552,2.819601226993865,3.2368404907975457,0.0009995002498750624,0.020989505247376312,True,better,158,4,1
answer_score,rag_fusion_default,no_retrieval_floor,162,3.2148148148148143,3.028364197530864,3.406172839506173,0.0009995002498750624,0.020989505247376312,True,better,159,1,2
answer_score,decompose_default,no_retrieval_floor,163,3.185276073619632,2.981564417177914,3.3841104294478526,0.0009995002498750624,0.020989505247376312,True,better,160,1,2
answer_score,corrective_default,no_retrieval_floor,163,3.231901840490797,3.0478220858895706,3.412269938650307,0.0009995002498750624,0.020989505247376312,True,better,161,1,1
answer_score,iterative_default,no_retrieval_floor,163,3.274846625766871,3.0981288343558284,3.454018404907975,0.0009995002498750624,0.020989505247376312,True,better,161,1,1
answer_score,agent_search_plain,no_retrieval_floor,163,3.0441717791411045,2.8184049079754603,3.2588957055214727,0.0009995002498750624,0.020989505247376312,True,better,157,2,4
answer_score,agent_search_tools,no_retrieval_floor,163,3.215950920245399,3.0097852760736195,3.413496932515338,0.0009995002498750624,0.020989505247376312,True,better,157,1,5
answer_score,grep_agent_default,no_retrieval_floor,163,3.246625766871165,3.072361963190184,3.4282515337423307,0.0009995002498750624,0.020989505247376312,True,better,162,0,1
answer_score,adaptive_default,no_retrieval_floor,163,3.1680981595092015,2.9644171779141106,3.3558588957055213,0.0009995002498750624,0.020989505247376312,True,better,161,0,2
