system,system_type,ingestion_wall_time_ms,question_wall_time_ms,system_wall_time_ms,num_questions,max_workers,system_workers,ingest_workers
bm25_default,bm25,13.432125007966533,117982.5439999986,117997.19500000356,163,4,1,4
vector_default,vector,3237.5275840167888,120993.36487500113,124237.5177089998,163,4,1,4
hybrid_default,hybrid,20.83162500639446,119280.77637500246,119306.86574999709,163,4,1,4
rerank_default,rerank,6.411749986000359,123623.19141699118,123634.58549999632,163,4,1,4
hybrid_rerank_default,hybrid_rerank,19.426707993261516,88266.90216700081,88290.10424998705,163,4,1,4
hyde_default,hyde,5.94929198268801,161808.07370800176,161818.06054199114,163,4,1,4
parent_doc_default,parent_doc,762.6369170029648,121763.7359170185,122531.50474998984,163,4,1,4
llm_heavy_default,llm_heavy,4.753458022605628,380415.9530000179,380425.1639589784,163,4,1,4
no_retrieval_floor,no_retrieval,0.01675001112744212,131277.7639159758,131281.7651249934,163,4,1,4
full_context_ceiling,full_context,52.24983298103325,162587.76454199688,162644.09416701528,163,4,1,4
sentence_window_default,sentence_window,2169.7632079885807,129497.72054201458,131671.28024998237,163,4,1,4
vector_mmr,vector,6.301374989561737,127557.93324997649,127568.99649999104,163,4,1,4
contextual_default,contextual,29579.188457981218,132356.58779199002,161941.67095801095,163,4,1,4
hierarchical_default,hierarchical,22959.608000004664,124555.63529199571,147521.64412502316,163,4,1,4
rag_fusion_default,rag_fusion,22.604416008107364,206052.27983300574,206080.23566601332,163,4,1,4
decompose_default,decompose,23.238624999066815,173776.08799998416,173806.444249989,163,4,1,4
corrective_default,corrective,19.105542014585808,235956.75766697968,235982.7021670062,163,4,1,4
iterative_default,iterative,22.566542000276968,251328.38458300103,251356.73025000142,163,4,1,4
agent_search_plain,agent_search,22.04283300670795,224695.1550419908,224722.24333300255,163,4,1,4
agent_search_tools,agent_search,27.070708019891754,202094.832458999,202125.32541700057,163,4,1,4
grep_agent_default,grep_agent,0.09074999252334237,297441.762041999,297447.185750003,163,4,1,4
adaptive_default,adaptive,230.71941698435694,149008.95987500553,149247.41758301388,163,4,1,4
